{
  "extends": [
    "airbnb",
    "plugin:testing-library/react",
    "plugin:@typescript-eslint/recommended",
    "react-app",
    "react-app/jest",
    "plugin:jsx-a11y/recommended",
    "plugin:prettier/recommended"
  ],
  "settings": {
    "import/resolver": {
      "node": {
        "extensions": [".js", ".jsx", ".ts", ".tsx"],
        "paths": ["src"]
      }
    }
  },
  "parserOptions": {
    "ecmaVersion": 2018,
    "sourceType": "module",
    "ecmaFeatures": {
      "jsx": true
    }
  },
  "plugins": [
    "testing-library",
    "jest-dom",
    "sonarjs",
    "jsx-a11y",
    "@typescript-eslint",
    "simple-import-sort",
    "prettier"
  ],
  "env": {
    "browser": true,
    "node": true,
    "es6": true,
    "jest": true
  },
  "rules": {
    "import/no-extraneous-dependencies": [2, { "devDependencies": true }],
    "testing-library/await-async-query": "error",
    "testing-library/no-await-sync-query": "error",
    "testing-library/no-debug": "warn",
    "jest-dom/prefer-checked": "error",
    "jest-dom/prefer-enabled-disabled": "error",
    "jest-dom/prefer-required": "error",
    "jest-dom/prefer-to-have-attribute": "error",
    "react/prop-types": ["off"],
    "react/jsx-filename-extension": [1, { "extensions": [".tsx", ".jsx"] }],
    "import/extensions": ["error", "never"],
    "import/prefer-default-export": 0,
    "import/no-anonymous-default-export": 0,
    "import/no-unresolved": 2,
    "simple-import-sort/imports": "error",
    "simple-import-sort/exports": "error",
    "sort-imports": "off",
    "import/order": "off",
    "no-shadow": "off",
    "@typescript-eslint/no-shadow": "error",
    "@typescript-eslint/ban-ts-comment": 0,
    "react-hooks/rules-of-hooks": "error",
    "react-hooks/exhaustive-deps": "warn",
    "react/no-array-index-key": "off",
    "react/react-in-jsx-scope": "off",
    "prettier/prettier": "error",
    "react/jsx-one-expression-per-line": "off",
    "react/jsx-curly-newline": "off"
  }
}
